{
    "74": {
        "score": -1152.8543701171875,
        "hyperparameters": {
            "hidden_sizes": [
                75,
                75
            ],
            "latent_dim": 10,
            "lr": 0.001316,
            "reconstr_error_weight": 0.070318,
            "input_size": 588
        }
    },
    "38": {
        "score": -1284.84814453125,
        "hyperparameters": {
            "hidden_sizes": [
                25,
                25
            ],
            "latent_dim": 5,
            "lr": 0.002062,
            "reconstr_error_weight": 0.034732,
            "input_size": 588
        }
    },
    "83": {
        "score": -1309.42431640625,
        "hyperparameters": {
            "hidden_sizes": [
                25,
                25,
                25
            ],
            "latent_dim": 20,
            "lr": 0.002614,
            "reconstr_error_weight": 0.007969,
            "input_size": 588
        }
    },
    "62": {
        "score": -1324.2957763671875,
        "hyperparameters": {
            "hidden_sizes": [
                75,
                75,
                75
            ],
            "latent_dim": 20,
            "lr": 0.00182,
            "reconstr_error_weight": 0.017879,
            "input_size": 588
        }
    },
    "17": {
        "score": -1358.921630859375,
        "hyperparameters": {
            "hidden_sizes": [
                25,
                25,
                25
            ],
            "latent_dim": 10,
            "lr": 0.002584,
            "reconstr_error_weight": 0.040763,
            "input_size": 588
        }
    },
    "77": {
        "score": -1508.6165771484375,
        "hyperparameters": {
            "hidden_sizes": [
                100,
                100,
                100
            ],
            "latent_dim": 20,
            "lr": 0.000159,
            "reconstr_error_weight": 0.016197,
            "input_size": 588
        }
    },
    "34": {
        "score": -1533.9500732421875,
        "hyperparameters": {
            "hidden_sizes": [
                100,
                100,
                100
            ],
            "latent_dim": 15,
            "lr": 0.000194,
            "reconstr_error_weight": 0.090037,
            "input_size": 588
        }
    },
    "9": {
        "score": -1564.3621826171875,
        "hyperparameters": {
            "hidden_sizes": [
                75,
                75,
                75
            ],
            "latent_dim": 15,
            "lr": 0.00015,
            "reconstr_error_weight": 0.073123,
            "input_size": 588
        }
    },
    "39": {
        "score": -1589.25537109375,
        "hyperparameters": {
            "hidden_sizes": [
                25,
                25,
                25
            ],
            "latent_dim": 10,
            "lr": 0.089822,
            "reconstr_error_weight": 0.472714,
            "input_size": 588
        }
    },
    "11": {
        "score": -1601.3504638671875,
        "hyperparameters": {
            "hidden_sizes": [
                75,
                75
            ],
            "latent_dim": 15,
            "lr": 0.000505,
            "reconstr_error_weight": 0.008366,
            "input_size": 588
        }
    }
}