{
    "35": {
        "score": 59.857601165771484,
        "hyperparameters": {
            "hidden_sizes": [
                100
            ],
            "latent_dim": 10,
            "lr": 0.001633,
            "reconstr_error_weight": 0.334395,
            "input_size": 588
        }
    },
    "20": {
        "score": -35.01026916503906,
        "hyperparameters": {
            "hidden_sizes": [
                75
            ],
            "latent_dim": 15,
            "lr": 0.002207,
            "reconstr_error_weight": 0.070164,
            "input_size": 588
        }
    },
    "54": {
        "score": -92.40341186523438,
        "hyperparameters": {
            "hidden_sizes": [
                30
            ],
            "latent_dim": 10,
            "lr": 0.002141,
            "reconstr_error_weight": 0.255415,
            "input_size": 588
        }
    },
    "58": {
        "score": -139.3681640625,
        "hyperparameters": {
            "hidden_sizes": [
                100
            ],
            "latent_dim": 10,
            "lr": 0.000874,
            "reconstr_error_weight": 0.115805,
            "input_size": 588
        }
    },
    "15": {
        "score": -177.90992736816406,
        "hyperparameters": {
            "hidden_sizes": [
                50,
                50
            ],
            "latent_dim": 10,
            "lr": 0.000855,
            "reconstr_error_weight": 0.815798,
            "input_size": 588
        }
    },
    "74": {
        "score": -205.44427490234375,
        "hyperparameters": {
            "hidden_sizes": [
                75,
                75
            ],
            "latent_dim": 10,
            "lr": 0.001316,
            "reconstr_error_weight": 0.070318,
            "input_size": 588
        }
    },
    "14": {
        "score": -206.9485626220703,
        "hyperparameters": {
            "hidden_sizes": [
                100,
                100,
                100
            ],
            "latent_dim": 20,
            "lr": 0.000456,
            "reconstr_error_weight": 0.362483,
            "input_size": 588
        }
    },
    "93": {
        "score": -226.51315307617188,
        "hyperparameters": {
            "hidden_sizes": [
                50,
                50,
                50
            ],
            "latent_dim": 20,
            "lr": 0.000809,
            "reconstr_error_weight": 0.39488,
            "input_size": 588
        }
    },
    "6": {
        "score": -276.7326354980469,
        "hyperparameters": {
            "hidden_sizes": [
                50,
                50
            ],
            "latent_dim": 15,
            "lr": 0.001341,
            "reconstr_error_weight": 0.074847,
            "input_size": 588
        }
    },
    "38": {
        "score": -328.65472412109375,
        "hyperparameters": {
            "hidden_sizes": [
                25,
                25
            ],
            "latent_dim": 5,
            "lr": 0.002062,
            "reconstr_error_weight": 0.034732,
            "input_size": 588
        }
    }
}